director_award_id,director_id,movie_id,year_ceremony,ceremony,category,name_nominee,film_title,film_title_clean,match_key
1,,,1928,1,DIRECTING (Comedy Picture),Lewis Milestone,Two Arabian Knights,two arabian knights,two arabian knights_1927
2,,,1928,1,DIRECTING (Dramatic Picture),Frank Borzage,7th Heaven,7th heaven,7th heaven_1927
3,,,1929,2,DIRECTING,Frank Lloyd,The Divine Lady,the divine lady,the divine lady_1928
4,,,1930,3,DIRECTING,Lewis Milestone,All Quiet on the Western Front,all quiet on the western front,all quiet on the western front_1929
5,,,1931,4,DIRECTING,Norman Taurog,Skippy,skippy,skippy_1930
6,,,1932,5,DIRECTING,Frank Borzage,Bad Girl,bad girl,bad girl_1931
7,,,1933,6,DIRECTING,Frank Lloyd,Cavalcade,cavalcade,cavalcade_1932
8,,,1935,7,DIRECTING,Frank Capra,It Happened One Night,it happened one night,it happened one night_1934
9,,,1936,8,DIRECTING,John Ford,The Informer,the informer,the informer_1935
10,,,1937,9,DIRECTING,Frank Capra,Mr. Deeds Goes to Town,mr deeds goes to town,mr deeds goes to town_1936
11,,,1938,10,DIRECTING,Leo McCarey,The Awful Truth,the awful truth,the awful truth_1937
12,,,1939,11,DIRECTING,Frank Capra,You Can't Take It with You,you can't take it with you,you can't take it with you_1938
13,,,1940,12,DIRECTING,Victor Fleming,Gone with the Wind,gone with the wind,gone with the wind_1939
14,,,1941,13,DIRECTING,John Ford,The Grapes of Wrath,the grapes of wrath,the grapes of wrath_1940
15,,,1942,14,DIRECTING,John Ford,How Green Was My Valley,how green was my valley,how green was my valley_1941
16,,,1943,15,DIRECTING,William Wyler,Mrs. Miniver,mrs miniver,mrs miniver_1942
17,,,1944,16,DIRECTING,Michael Curtiz,Casablanca,casablanca,casablanca_1943
18,,,1945,17,DIRECTING,Leo McCarey,Going My Way,going my way,going my way_1944
19,,,1946,18,DIRECTING,Billy Wilder,The Lost Weekend,the lost weekend,the lost weekend_1945
20,,,1947,19,DIRECTING,William Wyler,The Best Years of Our Lives,the best years of our lives,the best years of our lives_1946
21,,,1948,20,DIRECTING,Elia Kazan,Gentleman's Agreement,gentleman's agreement,gentleman's agreement_1947
22,,,1949,21,DIRECTING,John Huston,The Treasure of the Sierra Madre,the treasure of the sierra madre,the treasure of the sierra madre_1948
23,,,1950,22,DIRECTING,Joseph L. Mankiewicz,A Letter to Three Wives,a letter to three wives,a letter to three wives_1949
24,,,1951,23,DIRECTING,Joseph L. Mankiewicz,All about Eve,all about eve,all about eve_1950
25,,,1952,24,DIRECTING,George Stevens,A Place in the Sun,a place in the sun,a place in the sun_1951
26,,,1953,25,DIRECTING,John Ford,The Quiet Man,the quiet man,the quiet man_1952
27,,,1954,26,DIRECTING,Fred Zinnemann,From Here to Eternity,from here to eternity,from here to eternity_1953
28,,,1955,27,DIRECTING,Elia Kazan,On the Waterfront,on the waterfront,on the waterfront_1954
29,,,1956,28,DIRECTING,Delbert Mann,Marty,marty,marty_1955
30,,,1957,29,DIRECTING,George Stevens,Giant,giant,giant_1956
31,,,1958,30,DIRECTING,David Lean,The Bridge on the River Kwai,the bridge on the river kwai,the bridge on the river kwai_1957
32,,,1959,31,DIRECTING,Vincente Minnelli,Gigi,gigi,gigi_1958
33,,,1960,32,DIRECTING,William Wyler,Ben-Hur,ben hur,ben hur_1959
34,,,1961,33,DIRECTING,Billy Wilder,The Apartment,the apartment,the apartment_1960
35,,,1962,34,DIRECTING,"Robert Wise, Jerome Robbins",West Side Story,west side story,west side story_1961
36,,,1963,35,DIRECTING,David Lean,Lawrence of Arabia,lawrence of arabia,lawrence of arabia_1962
37,,,1964,36,DIRECTING,Tony Richardson,Tom Jones,tom jones,tom jones_1963
38,,,1965,37,DIRECTING,George Cukor,My Fair Lady,my fair lady,my fair lady_1964
39,,,1966,38,DIRECTING,Robert Wise,The Sound of Music,the sound of music,the sound of music_1965
40,,,1967,39,DIRECTING,Fred Zinnemann,A Man for All Seasons,a man for all seasons,a man for all seasons_1966
41,,,1968,40,DIRECTING,Mike Nichols,The Graduate,the graduate,the graduate_1967
42,,,1969,41,DIRECTING,Carol Reed,Oliver!,oliver!,oliver!_1968
43,,,1970,42,DIRECTING,John Schlesinger,Midnight Cowboy,midnight cowboy,midnight cowboy_1969
44,,,1971,43,DIRECTING,Franklin J. Schaffner,Patton,patton,patton_1970
45,,,1972,44,DIRECTING,William Friedkin,The French Connection,the french connection,the french connection_1971
46,,,1973,45,DIRECTING,Bob Fosse,Cabaret,cabaret,cabaret_1972
47,,,1974,46,DIRECTING,George Roy Hill,The Sting,the sting,the sting_1973
48,,,1975,47,DIRECTING,Francis Ford Coppola,The Godfather Part II,the godfather part ii,the godfather part ii_1974
49,,,1976,48,DIRECTING,Milos Forman,One Flew over the Cuckoo's Nest,one flew over the cuckoo's nest,one flew over the cuckoo's nest_1975
50,,,1977,49,DIRECTING,John G. Avildsen,Rocky,rocky,rocky_1976
51,,,1978,50,DIRECTING,Woody Allen,Annie Hall,annie hall,annie hall_1977
52,,,1979,51,DIRECTING,Michael Cimino,The Deer Hunter,the deer hunter,the deer hunter_1978
53,,,1980,52,DIRECTING,Robert Benton,Kramer vs. Kramer,kramer vs kramer,kramer vs kramer_1979
54,,,1981,53,DIRECTING,Robert Redford,Ordinary People,ordinary people,ordinary people_1980
55,,,1982,54,DIRECTING,Warren Beatty,Reds,reds,reds_1981
56,,,1983,55,DIRECTING,Richard Attenborough,Gandhi,gandhi,gandhi_1982
57,,,1984,56,DIRECTING,James L. Brooks,Terms of Endearment,terms of endearment,terms of endearment_1983
58,,,1985,57,DIRECTING,Milos Forman,Amadeus,amadeus,amadeus_1984
59,,,1986,58,DIRECTING,Sydney Pollack,Out of Africa,out of africa,out of africa_1985
60,,,1987,59,DIRECTING,Oliver Stone,Platoon,platoon,platoon_1986
61,,,1988,60,DIRECTING,Bernardo Bertolucci,The Last Emperor,the last emperor,the last emperor_1987
62,,,1989,61,DIRECTING,Barry Levinson,Rain Man,rain man,rain man_1988
63,,,1990,62,DIRECTING,Oliver Stone,Born on the Fourth of July,born on the fourth of july,born on the fourth of july_1989
64,,,1991,63,DIRECTING,Kevin Costner,Dances With Wolves,dances with wolves,dances with wolves_1990
65,,,1992,64,DIRECTING,Jonathan Demme,The Silence of the Lambs,the silence of the lambs,the silence of the lambs_1991
66,,,1993,65,DIRECTING,Clint Eastwood,Unforgiven,unforgiven,unforgiven_1992
67,,,1994,66,DIRECTING,Steven Spielberg,Schindler's List,schindler's list,schindler's list_1993
68,,,1995,67,DIRECTING,Robert Zemeckis,Forrest Gump,forrest gump,forrest gump_1994
69,,,1996,68,DIRECTING,Mel Gibson,Braveheart,braveheart,braveheart_1995
70,,,1997,69,DIRECTING,Anthony Minghella,The English Patient,the english patient,the english patient_1996
71,,,1998,70,DIRECTING,James Cameron,Titanic,titanic,titanic_1997
72,,,1999,71,DIRECTING,Steven Spielberg,Saving Private Ryan,saving private ryan,saving private ryan_1998
73,,,2000,72,DIRECTING,Sam Mendes,American Beauty,american beauty,american beauty_1999
74,,,2001,73,DIRECTING,Steven Soderbergh,Traffic,traffic,traffic_2000
75,,,2002,74,DIRECTING,Ron Howard,A Beautiful Mind,a beautiful mind,a beautiful mind_2001
76,,,2003,75,DIRECTING,Roman Polanski,The Pianist,the pianist,the pianist_2002
77,,,2004,76,DIRECTING,Peter Jackson,The Lord of the Rings: The Return of the King,the lord of the rings: the return of the king,the lord of the rings: the return of the king_2003
78,,,2005,77,DIRECTING,Clint Eastwood,Million Dollar Baby,million dollar baby,million dollar baby_2004
79,,,2006,78,DIRECTING,Ang Lee,Brokeback Mountain,brokeback mountain,brokeback mountain_2005
80,,,2007,79,DIRECTING,Martin Scorsese,The Departed,the departed,the departed_2006
81,,,2008,80,DIRECTING,Joel Coen and Ethan Coen,No Country for Old Men,no country for old men,no country for old men_2007
82,,,2009,81,DIRECTING,Danny Boyle,Slumdog Millionaire,slumdog millionaire,slumdog millionaire_2008
83,,,2010,82,DIRECTING,Kathryn Bigelow,The Hurt Locker,the hurt locker,the hurt locker_2009
84,,,2011,83,DIRECTING,Tom Hooper,The King's Speech,the king's speech,the king's speech_2010
85,,,2012,84,DIRECTING,Michel Hazanavicius,The Artist,the artist,the artist_2011
86,,,2013,85,DIRECTING,Ang Lee,Life of Pi,life of pi,life of pi_2012
87,,,2014,86,DIRECTING,Alfonso Cuarón,Gravity,gravity,gravity_2013
88,,,2015,87,DIRECTING,Alejandro G. Iñárritu,Birdman or (The Unexpected Virtue of Ignorance),birdman or (the unexpected virtue of ignorance),birdman or (the unexpected virtue of ignorance)_2014
89,,,2016,88,DIRECTING,Alejandro G. Iñárritu,The Revenant,the revenant,the revenant_2015
90,,,2017,89,DIRECTING,Damien Chazelle,La La Land,la la land,la la land_2016
91,,,2018,90,DIRECTING,Guillermo del Toro,The Shape of Water,the shape of water,the shape of water_2017
92,,,2019,91,DIRECTING,Alfonso Cuarón,Roma,roma,roma_2018
93,,,2020,92,DIRECTING,Bong Joon Ho,Parasite,parasite,parasite_2019
94,,,2021,93,DIRECTING,Chloé Zhao,Nomadland,nomadland,nomadland_2020
95,,,2022,94,DIRECTING,Jane Campion,The Power of the Dog,the power of the dog,the power of the dog_2021
96,,,2023,95,DIRECTING,Daniel Kwan and Daniel Scheinert,Everything Everywhere All at Once,everything everywhere all at once,everything everywhere all at once_2022
97,,,2024,96,DIRECTING,Christopher Nolan,Oppenheimer,oppenheimer,oppenheimer_2023
